{
      "Metric": "Peak SNR",
      "VQ bitrate": [
            "6 bits",
            "7 bits",
            "8 bits",
            "9 bits",
            "10 bits",
            "11 bits"
      ],
      "Mean (STE)": [
            23.15054511845188,
            23.496967601047814,
            23.67729549928905,
            23.700386439802465,
            23.74458983462673,
            23.670617328941667
      ],
      "Quantile Low (STE)": [
            22.82389802557526,
            23.224384858955837,
            23.528773194026634,
            23.53384449969189,
            23.362143279493434,
            23.48608239321274
      ],
      "Quantile High (STE)": [
            23.34316012625482,
            23.649082109756034,
            23.843763003396944,
            23.860702014798335,
            24.042669572375058,
            23.95396538430207
      ],
      "Mean (EMA)": [
            23.031841678957807,
            23.472743702215976,
            23.880315927139556,
            23.955529407518448,
            24.278089998873963,
            24.255747206863187
      ],
      "Quantile Low (EMA)": [
            22.695498068876482,
            23.065210703040936,
            23.458707071781145,
            23.15587918711417,
            23.87657101242955,
            23.48278173017254
      ],
      "Quantile High (EMA)": [
            23.280136108580315,
            23.825043723140553,
            24.068476666141454,
            24.518868459006793,
            24.60860290926579,
            24.58511052983848
      ],
      "Mean (NSVQ w/o CBR)": [
            22.864488470701524,
            23.343508015809235,
            23.666864380986134,
            23.780439539763574,
            24.033015924215146,
            24.021393568095817
      ],
      "Quantile Low (NSVQ w/o CBR)": [
            22.45975726723617,
            22.918721659488963,
            23.281016118045788,
            23.39219230680693,
            23.299205190936274,
            23.421458513135235
      ],
      "Quantile High (NSVQ w/o CBR)": [
            22.996012568022884,
            23.57792330342414,
            24.06724907458924,
            24.251687452928504,
            24.541431873457796,
            24.610583819381326
      ],
      "Mean (NSVQ)": [
            22.949742919713458,
            23.56910016052109,
            24.163954967493787,
            24.601049250791238,
            24.959559468682166,
            25.221252101300102
      ],
      "Quantile Low (NSVQ)": [
            22.75705546107544,
            23.367670922670765,
            24.019621083465854,
            24.477491505891486,
            24.774938122645846,
            24.998216739706642
      ],
      "Quantile High (NSVQ)": [
            23.109142805025847,
            23.704084866983262,
            24.32994643605835,
            24.753864153644887,
            25.08048549465003,
            25.35689854975216
      ]
}