{
      "Metric": "SSIM",
      "VQ bitrate": [
            "6 bits",
            "7 bits",
            "8 bits",
            "9 bits",
            "10 bits",
            "11 bits"
      ],
      "Mean (STE)": [
            0.7794126173576548,
            0.7981982162749013,
            0.8097961738339748,
            0.8113768651528632,
            0.8120291491099613,
            0.8080782165173701
      ],
      "Quantile Low (STE)": [
            0.7743053292307349,
            0.7903246805908066,
            0.8047523230597946,
            0.8059586169896913,
            0.8030553616602842,
            0.7989706140739717
      ],
      "Quantile High (STE)": [
            0.7846208360325732,
            0.8050179640047808,
            0.8174917755266446,
            0.8184775268588257,
            0.8221357453306222,
            0.8179042626747346
      ],
      "Mean (EMA)": [
            0.7765668595267811,
            0.8026546880534939,
            0.8220369436913882,
            0.8294875528568137,
            0.8433876966136589,
            0.8437272387082239
      ],
      "Quantile Low (EMA)": [
            0.7672154047175771,
            0.7898769488992491,
            0.8121278394495359,
            0.7864856595330735,
            0.8291624344712579,
            0.8146402549536194
      ],
      "Quantile High (EMA)": [
            0.7858087269794167,
            0.8111600848406209,
            0.8263216930640543,
            0.8456170845711655,
            0.8565184705671438,
            0.8537720332017837
      ],
      "Mean (NSVQ w/o CBR)": [
            0.7693989215176761,
            0.7909538433506232,
            0.8035889905028382,
            0.8085036648177939,
            0.8188722251836065,
            0.8186425180313801
      ],
      "Quantile Low (NSVQ w/o CBR)": [
            0.7452269927383373,
            0.7738736145836176,
            0.7861469614322472,
            0.7929969455016493,
            0.7938063145557307,
            0.7957034673446348
      ],
      "Quantile High (NSVQ w/o CBR)": [
            0.777874934916112,
            0.8023536801952291,
            0.8205747370140576,
            0.8261096350127768,
            0.8393499326354877,
            0.8405142141305596
      ],
      "Mean (NSVQ)": [
            0.7742028417105445,
            0.7985018225083026,
            0.8222443839365378,
            0.8395554259161949,
            0.8541970696003334,
            0.8647025616743731
      ],
      "Quantile Low (NSVQ)": [
            0.7698591410320422,
            0.7949875981135683,
            0.8198219132887506,
            0.837335975798272,
            0.850498220422514,
            0.8604726658509553
      ],
      "Quantile High (NSVQ)": [
            0.7787445101289832,
            0.8015900763845792,
            0.8252352605929837,
            0.8416711310568655,
            0.8576143928968684,
            0.8689441065981584
      ]
}