{
      "Metric": "PESQ",
      "Sampling Rate": [
            "8 kbits/sec",
            "9.6 kbits/sec",
            "13.2 kbits/sec",
            "16.4 kbits/sec",
            "24.4 kbits/sec",
            "32 kbits/sec"
      ],
      "Mean (STE)": [
            2.3349191657004464,
            2.544728658900006,
            2.929216987122106,
            3.197175798889335,
            3.665898837342517,
            3.9546141387852094
      ],
      "Quantile Low (STE)": [
            1.5494922965765,
            1.6519481927156447,
            1.9058978408575058,
            2.155693697929382,
            2.7142712473869324,
            3.217473620176315
      ],
      "Quantile High (STE)": [
            3.027362895011902,
            3.2842770278453832,
            3.643489730358124,
            3.87759502530098,
            4.203693997859955,
            4.362610030174256
      ],
      "Mean (NSVQ)": [
            2.469509405671185,
            2.67859451347635,
            3.0540453817098197,
            3.304806363127614,
            3.742218880389483,
            4.005920140433857
      ],
      "Quantile Low (NSVQ)": [
            1.6477477967739107,
            1.7981519967317583,
            2.0884939551353456,
            2.307302314043045,
            2.8623880445957184,
            3.305830705165863
      ],
      "Quantile High (NSVQ)": [
            3.1564292907714844,
            3.3959880948066714,
            3.7707356035709383,
            3.9779513478279114,
            4.266168212890625,
            4.404492390155792
      ]
}