{
      "Metric": "pSNR",
      "Sampling Rate": [
            "8 kbits/sec",
            "9.6 kbits/sec",
            "13.2 kbits/sec",
            "16.4 kbits/sec",
            "24.4 kbits/sec",
            "32 kbits/sec"
      ],
      "Mean (STE)": [
            5.271366778243832,
            6.138580346893785,
            7.828046348130119,
            9.11171553649525,
            11.951334576554036,
            14.432391267604833
      ],
      "Quantile Low (STE)": [
            0.4766014070617009,
            1.4998411851763933,
            3.284864006757208,
            4.650735618778991,
            7.652671532722993,
            9.930384714322845
      ],
      "Quantile High (STE)": [
            8.50693289636213,
            9.328607820655748,
            11.015398629338549,
            12.293708579816467,
            15.154012034077102,
            17.75131110095314
      ],
      "Mean (NSVQ)": [
            5.701153130690069,
            6.637179373910231,
            8.430289569785996,
            9.751172239978043,
            12.68715624140764,
            15.223599223892284
      ],
      "Quantile Low (NSVQ)": [
            0.6204994852445371,
            1.6595487269751779,
            3.934357018124636,
            5.420631848992417,
            8.543728380733118,
            11.056632090636572
      ],
      "Quantile High (NSVQ)": [
            9.525670153649827,
            10.417355401025056,
            12.142530839414597,
            13.410752395522014,
            16.26847762391681,
            18.984912700079917
      ]
}