{
      "Metric": "STOI",
      "Sampling Rate": [
            "8 kbits/sec",
            "9.6 kbits/sec",
            "13.2 kbits/sec",
            "16.4 kbits/sec",
            "24.4 kbits/sec",
            "32 kbits/sec"
      ],
      "Mean (STE)": [
            0.90361900097926,
            0.921543283291097,
            0.9490700418205295,
            0.9642437645337323,
            0.9835262519817094,
            0.9912230693118743
      ],
      "Quantile Low (STE)": [
            0.8540795864110824,
            0.8757993771420509,
            0.9086483419436058,
            0.929153361185652,
            0.9578354339832746,
            0.9719240909324077
      ],
      "Quantile High (STE)": [
            0.9322452027282047,
            0.9470802705649524,
            0.968350509084452,
            0.979410444970723,
            0.9923283487730328,
            0.9966520461001038
      ],
      "Mean (NSVQ)": [
            0.9074599265746444,
            0.9250011642649161,
            0.9519086974208367,
            0.9669053364915184,
            0.9851153924799777,
            0.992076418437234
      ],
      "Quantile Low (NSVQ)": [
            0.8606850949953422,
            0.8786405997432851,
            0.9130888544455162,
            0.9299174908512147,
            0.958548919847009,
            0.9722142776736304
      ],
      "Quantile High (NSVQ)": [
            0.9346274938603581,
            0.9492651401943963,
            0.9705255479863979,
            0.9810781955253993,
            0.9932363007697079,
            0.9971482575658767
      ]
}